timestamp_local	section	action_id	action	tool_or_database	parameters	output_path	status	notes
2026-09-16	setup	ALS-SETUP-001	Initialize framework directory structure	local filesystem	Six numbered sections; data and results subdirectories	diseases/ALS/	complete	Scientific evidence collection not yet recorded
2026-09-16	setup	ALS-SETUP-002	Resolve phenotype scope	framework instruction	ALS primary; ALS-FTD contextual overlap	diseases/ALS/README.md	complete	Do not merge ALS-FTD into ALS epidemiologic estimates
2026-09-16	1	ALS-S1-A001	Search and verify Section 1 evidence	PubMed; FDA; EMA; ENCODE; Roadmap; GeneReviews; Open Targets	Queries ALS-S1-Q001 through ALS-S1-Q011	diseases/ALS/01_background/data/search_log.tsv	complete	Evidence cutoff 2026-09-16
2026-09-16	1	ALS-S1-A002	Synthesize Section 1 narrative and tables	manual evidence synthesis	Claims require source identifiers	diseases/ALS/01_background/results/	complete	Stopped before Section 2
2026-09-21	setup	ALS-SETUP-002	Download shared disease-agnostic reference data (GWAS Catalog, EFO, GENCODE v50, 1000G GRCh38, VEP cache 116, conservation, RepeatMasker, liftOver, Open Targets)	wget/curl via HPC DTN proxy	see data/scripts/dl_*.sh	data/	complete	All groups 0 failures; inventory in data/README.md
2026-09-21	2	ALS-S2-A001	Extract ALS studies/associations/ancestries from GWAS Catalog	python 3.11 pandas 2.2.3	trait set MONDO_0004976+descendants+EFO_0001357+EFO_0022918	02_gwas/data/als_*.tsv	complete	47 core studies, 361 associations, 320 unique tags
2026-09-21	2	ALS-S2-A002	Study-level and ancestry summaries; cases/controls parsed from sample text	scripts/02,02b	initial vs replication stages	02_gwas/results/ALS-S2-R001_*	complete	European-dominated discovery; no sex/age structure in catalog
2026-09-21	2	ALS-S2-A003	Variant classification	Ensembl 116 REST	231 rsIDs; batches of 200; cached	02_gwas/data/variant_classes_ensembl.tsv	complete	All classified tags SNP; rs3177980 unresolved
2026-09-21	2	ALS-S2-A004	Top genes, effect sizes, locus table	scripts/04; GENCODE v50	GWS P<=5e-8; >=2 studies	02_gwas/results/ALS-S2-R003*	complete	C9orf72 9 studies, UNC13A 8
2026-09-21	2	ALS-S2-A005	Coding/noncoding fractions	scripts/05; catalog CONTEXT	most-severe consequence	02_gwas/results/ALS-S2-R004*	complete	96.5% noncoding; 93.7% genes only-noncoding
2026-09-21	2	ALS-S2-A006	Locus length, chromosome distribution, conservation, pleiotropy	scripts/06; bigWigAverageOverBed v2	MWU tests vs all protein-coding	02_gwas/results/ALS-S2-R005*	complete	No length/conservation difference
2026-09-21	2	ALS-S2-A007	LD expansion	bcftools 1.23 + plink 1.9; 1000G 20190312 GRCh38	r2>=0.8 +/-500kb; EUR and EAS matched to discovery ancestry	02_gwas/results/ALS-S2-R006*	complete	63 positioned tags -> 1215 unique variants incl 110 indels
2026-09-21	2	ALS-S2-A008	Coding-mutation literature table and Section 2 integrated report	manual synthesis	sources ALS-SRC-008/009/012/013/036	02_gwas/results/ALS-S2-R007*, section_2_gwas.md	complete	Framework Section 2 complete
2026-09-21	setup	ALS-SETUP-003	Download general-purpose regulatory reference data (SCREEN cCREs V3, Roadmap consolidated H3K27ac/H3K27me3/DNase narrowPeaks all epigenomes, Ensembl Regulatory Build 116, GTEx v10 cis-eQTL, FANTOM5 enhancers, JASPAR 2026, hg38 blacklist v2)	wget via HPC DTN proxy	see data/scripts/dl_regulatory.sh	data/	complete	278 Roadmap files (98+127+53), 0 failures; Roadmap peaks are hg19, lift with data/liftover/
2026-09-21	3	ALS-S3-A001	Overlap 1278 candidates with SCREEN/Ensembl/FANTOM5/RepeatMasker/blacklist	bedtools 2.31.1	see scripts/01	03_regulatory_landscape/results/ALS-S3-R001*	complete	13.6% in cCREs
2026-09-21	3	ALS-S3-A002	Roadmap enhancer/silencer counts in GWS loci; liftOver hg19->hg38	liftOver + bedtools	E069/E073/E107/E108; DHS refinement per ALS-DEC-003	03_regulatory_landscape/results/ALS-S3-R002*	complete	>=99.9% peaks lifted
2026-09-21	3	ALS-S3-A003	Variant classification percentages	bedtools	coding/enhancer/silencer/repetitive; pre and refined	03_regulatory_landscape/results/ALS-S3-R003*	complete	
2026-09-21	3	ALS-S3-A004	ENCODE ALS motor-neuron experiment catalog + peak download (16 files)	ENCODE REST API	GRCh38 bed narrowPeak, replicated/pseudoreplicated	03_regulatory_landscape/data/encode_peaks/	complete	53 experiments cataloged; no H3K27me3
2026-09-21	3	ALS-S3-A005	MN enhancer map (H3K27ac x ATAC) + variant overlap	bedtools	unions across experiments	03_regulatory_landscape/results/ALS-S3-R004*	complete	117675 enhancers; 108 candidate variants
2026-09-21	3	ALS-S3-A006	Expression-gene literature verification	PubMed eutils	PMIDs verified by title	03_regulatory_landscape/results/ALS-S3-R005*	complete	STMN2/UNC13A/C9orf72
2026-09-21	4	ALS-S4-A000	Model-independent prep: download MN Hi-C loop calls (9 experiments), verify GPU availability; modeling deferred pending modified framework query	ENCODE REST + slurm sinfo	loops bedpe only; contact matrices deferred	04_modeling/data/hic_loops/	complete	Framework note: Gaetano will modify the modeling query
2026-09-23	4	ALS-S4-A001	Train motor-neuron TREDNet v2 enhancer model	TREDNet v2; Slurm A100	ENCODE ENCSR131HOY ATAC + ENCSR489LNU H3K27ac; chromosome holdouts	models/TREDNET_v2/models_output/MotorNeuron_Enhancer_DHS_x2/	complete	Job 30764698; ROC AUC 0.780848; PR AUC 0.651592
2026-09-23	4	ALS-S4-A002	Construct allele sequences and score ALS candidates	TREDNet inference; hg38	2001-bp variant-centered REF/ALT; FPR5 and top-5% absolute delta	04_modeling/results/ALS-S4-R003_prioritized_variants.tsv	complete	1270 scorable; 30 predicted enhancer; 4 causal
2026-09-23	4	ALS-S4-A003	DeepFootprinting and motif analysis	SHAP DeepExplainer; TF-MoDISco-lite; Tomtom; JASPAR2024	1000 positive sequences; 100 controls; relative PWM threshold 0.80	04_modeling/results/ALS-S4-R007_*	complete	Job 30765624; 7 significant TF matches; 1/4 causal disrupts TFBS
2026-09-23	4	ALS-S4-A004	Population annotation and target mapping	1000 Genomes; Ensembl 116; GENCODE v50; ENCODE motor-neuron Hi-C	EUR/EAS AF; ancestral allele; proximity and loop overlap	04_modeling/results/ALS-S4-R005_*;ALS-S4-R006_*	complete	All 4 common; 2/4 with Hi-C targets
2026-09-23	4	ALS-S4-A005	Integrate report and ranked experimental list	local evidence synthesis	Framework Section 4 questions	04_modeling/results/section_4_modeling.md	complete	Silencer comparison unavailable due no matched MN H3K27me3
2026-09-25	5	ALS-S5-A001	Public/local exact-variant computational validation	GTEx v10; SingleBrain v2; NIAGADS xQTL Atlas; MPRAbase v4.9.3; BrainTF; Open Targets; Neale UKBB LDSC	Four Section 4 candidates; exact GRCh38 allele matching; hg19 liftOver for MPRAbase	05_computational_validation/results/ALS-S5-R001 through ALS-S5-R008	in_progress	Public/local pass complete; restricted and selective portal follow-up pending
2026-09-25	5	ALS-S5-A002	Download and verify complete shared MetaBrain release	MetaBrain 2021-07-23 release; Nature Genetics supplement	315 official manifest files; all cis-eQTL tissues/ancestries; trans/interaction-eQTL supplement	data/metabrain/2021-07-23-release/	complete	315/315 MD5 OK; 39 GB; local restricted reuse only; candidate analysis subsequently completed in ALS-S5-A003
2026-09-25	5	ALS-S5-A003	Exact candidate query across complete MetaBrain release	pysam 0.21; MetaBrain cis-eQTL and TopEffects files	Four candidates; seven tissue/ancestry groups; GRCh38 exact position plus unordered allele match; 1.5-Mb gene-index window; gene q<=0.05 and pair p below permutation nominal threshold	diseases/ALS/05_computational_validation/results/ALS-S5-R010 through ALS-S5-R012	complete	102 exact pairs and 6 significant, all rs522444; other candidates not tested/found
2026-09-25	5	ALS-S5-A004	Download and verify public Project MinE 2021 ALS archive	Project MinE official research download	European and cross-ancestry GWAS, rare-variant burden, and SMR archive; official MD5 verification	data/als_gwas/project_mine_2021/	complete	991 MB local; official European GWAS and SMR checksums matched
2026-09-25	5	ALS-S5-A005	Project MinE GWAS and MetaBrain cortex locus analysis	Python 3 coloc.abf-style sensitivity implementation; official SMR/HEIDI	Allele-set and rsID harmonization; p1=p2=1e-4, p12=1e-5; W=0.20 GWAS and 0.15 eQTL	diseases/ALS/05_computational_validation/results/ALS-S5-R013 through ALS-S5-R014	complete	No strong shared-causal PP4; C9orf72 SMR has extreme HEIDI heterogeneity
2026-09-25	5	ALS-S5-A006	Complete remaining public QTL and portal audits	QTLbase API; PsychENCODE processed data; ProteomeVariation; MAtCH; HuGE; xQTL Serve	Exact rsID for public variant resources; resource-scope audit otherwise	diseases/ALS/05_computational_validation/results/ALS-S5-R015 through ALS-S5-R017	complete_public_scope	208 QTLbase records; controlled/private and licensed resources excluded
2026-09-25	6	ALS-S6-A001	Prepare experimental shortlist and TF-testing strategy	Integrated Sections 4-5 evidence	Validation-ranked four-candidate list; direct allele tests distinguished from complementary TF assays	diseases/ALS/06_experimental_validation/results/ALS-S6-R001 through ALS-S6-R002	complete_design	SP2 and PATZ1 prioritized for rs522444; TF tests cannot replace variant tests
2026-09-25	6	ALS-S6-A002	Generate allele-specific MPRA constructs	Python 3; validated Section 4 GRCh38 FASTA records	Four candidates; REF and ALT; forward and reverse complement; 100-bp flanks	diseases/ALS/06_experimental_validation/results/ALS-S6-R003_MPRA_constructs.tsv	complete_design	16 inserts generated; allele identity, length, orientation, and source FASTA recorded
2026-09-25	6	ALS-S6-A003	Prepare collaborator handoff and integrated Section 6 report	Local evidence synthesis	MPRA, TF binding, genome editing, CRISPRi/a, expression/chromatin, and contact-assay work packages	diseases/ALS/06_experimental_validation/results/ALS-S6-R004_collaborator_handoff.tsv;section_6_experimental_validation.md	complete_design	Wet-lab execution and external transfer remain pending collaborator selection
