result_id	section	result_title	output_path	status	source_ids	created_on	notes
ALS-S1-R001	1	Epidemiology stratification	diseases/ALS/01_background/results/epidemiology.tsv	complete	ALS-SRC-001;ALS-SRC-002;ALS-SRC-003	2026-09-16	Evidence limitations stated in report
ALS-S1-R002	1	Heritability synthesis	diseases/ALS/01_background/results/section_1_background.md	complete	ALS-SRC-004;ALS-SRC-005;ALS-SRC-006;ALS-SRC-007	2026-09-16	Evidence limitations stated in report
ALS-S1-R003	1	Genes and pathways	diseases/ALS/01_background/results/genes_pathways.tsv	complete	ALS-SRC-008;ALS-SRC-009;ALS-SRC-010	2026-09-16	Evidence limitations stated in report
ALS-S1-R004	1	Affected cells and reference resources	diseases/ALS/01_background/results/cell_tissue_resources.tsv	complete	ALS-SRC-010;ALS-SRC-023;ALS-SRC-024;ALS-SRC-025;ALS-SRC-030	2026-09-16	Evidence limitations stated in report
ALS-S1-R005	1	Comorbidity and juvenile ALS synthesis	diseases/ALS/01_background/results/section_1_background.md	complete	ALS-SRC-013;ALS-SRC-026;ALS-SRC-027	2026-09-16	Evidence limitations stated in report
ALS-S1-R006	1	Diagnosis and progression synthesis	diseases/ALS/01_background/results/section_1_background.md	complete	ALS-SRC-011;ALS-SRC-012;ALS-SRC-014;ALS-SRC-015;ALS-SRC-031	2026-09-16	Evidence limitations stated in report
ALS-S1-R007	1	Treatment classification	diseases/ALS/01_background/results/treatments.tsv	complete	ALS-SRC-016;ALS-SRC-017;ALS-SRC-018;ALS-SRC-019;ALS-SRC-020;ALS-SRC-021;ALS-SRC-022;ALS-SRC-032;ALS-SRC-035	2026-09-16	Evidence limitations stated in report
ALS-S1-R008	1	Integrated Section 1 report	diseases/ALS/01_background/results/section_1_background.md	complete	ALS-SRC-001 through ALS-SRC-035	2026-09-16	Evidence limitations stated in report
ALS-S2-R001	2	GWAS study counts, ancestry, cases/controls	diseases/ALS/02_gwas/results/ALS-S2-R001_studies_core.tsv	complete	ALS-SRC-036;ALS-SRC-037	2026-09-21	47 core studies; no structured sex/age stratification in catalog
ALS-S2-R002	2	Variant counts and classes	diseases/ALS/02_gwas/data/variant_classes_ensembl.tsv	complete	ALS-SRC-036;ALS-SRC-040	2026-09-21	320 unique tags; all classified tags SNPs; 8 kgp IDs unmappable
ALS-S2-R003	2	Top genes, effect sizes, locus table	diseases/ALS/02_gwas/results/ALS-S2-R003C_locus_table.tsv	complete	ALS-SRC-036;ALS-SRC-038	2026-09-21	A: multi-study genes; B: largest ORs; C: flanking genes and locus lengths
ALS-S2-R004	2	Coding vs noncoding fractions	diseases/ALS/02_gwas/results/ALS-S2-R004_variant_consequences.tsv	complete	ALS-SRC-036	2026-09-21	96.5% noncoding; 93.7% of GWS genes only-noncoding
ALS-S2-R005	2	Locus length, chromosomes, conservation, pleiotropy	diseases/ALS/02_gwas/results/ALS-S2-R005_loci_conservation.tsv	complete	ALS-SRC-036;ALS-SRC-038;ALS-SRC-041	2026-09-21	No length/conservation difference vs genome
ALS-S2-R006	2	LD expansion r2>=0.8 +/-500kb	diseases/ALS/02_gwas/results/ALS-S2-R006_ld_expansion.tsv	complete	ALS-SRC-036;ALS-SRC-039	2026-09-21	71 GWS tags -> 1215 unique variants (1105 SNV, 110 indel); EUR+EAS panels
ALS-S2-R007	2	Most studied coding mutations	diseases/ALS/02_gwas/results/ALS-S2-R007_coding_mutations.tsv	complete	ALS-SRC-008;ALS-SRC-009;ALS-SRC-012;ALS-SRC-013;ALS-SRC-036	2026-09-21	Literature-derived plus catalog-verified coding risk alleles
ALS-S2-R008	2	Integrated Section 2 report	diseases/ALS/02_gwas/results/section_2_gwas.md	complete	ALS-SRC-008;ALS-SRC-009;ALS-SRC-036 through ALS-SRC-041	2026-09-21	Framework Section 2 questions answered; limits stated
ALS-S3-R001	3	Candidate variants vs known regulatory elements	diseases/ALS/03_regulatory_landscape/results/ALS-S3-R001_variant_regulatory_overlap.tsv	complete	ALS-SRC-042;ALS-SRC-044;ALS-SRC-045;ALS-SRC-046;ALS-SRC-047	2026-09-21	13.6% in SCREEN cCREs; 49.9% repetitive; 0 blacklist
ALS-S3-R002	3	Enhancer/silencer counts in GWS gene loci (Roadmap)	diseases/ALS/03_regulatory_landscape/results/ALS-S3-R002_enhancer_silencer_counts.tsv	complete	ALS-SRC-043;ALS-SRC-038	2026-09-21	Preliminary and DHS-refined definitions; E069/E073/E107/E108
ALS-S3-R003	3	Variant classification coding/enhancer/silencer/repetitive	diseases/ALS/03_regulatory_landscape/results/ALS-S3-R003_variant_classification.tsv	complete	ALS-SRC-043;ALS-SRC-046;ALS-SRC-038	2026-09-21	Refined exclusive: 23 coding, 54 enhancer, 11 silencer
ALS-S3-R004	3	Motor-neuron enhancer map and variant overlap	diseases/ALS/03_regulatory_landscape/results/ALS-S3-R004_MN_enhancers.bed	complete	ALS-SRC-048	2026-09-21	117675 MN enhancers; 108 candidates incl 9 tags; no MN H3K27me3 exists
ALS-S3-R005	3	Genes with altered expression in ALS	diseases/ALS/03_regulatory_landscape/results/ALS-S3-R005_altered_expression_genes.tsv	complete	ALS-SRC-049;ALS-SRC-050;ALS-SRC-051;ALS-SRC-052;ALS-SRC-053	2026-09-21	STMN2, UNC13A (GWAS link), C9orf72
ALS-S3-R006	3	Integrated Section 3 report	diseases/ALS/03_regulatory_landscape/results/section_3_regulatory_landscape.md	complete	ALS-SRC-042 through ALS-SRC-053	2026-09-21	Core analyses complete; published-cohort epigenome inventory deferred
ALS-S4-R001	4	Motor-neuron TREDNet enhancer model performance	diseases/ALS/04_modeling/results/ALS-S4-R001_model_performance.tsv	complete	ALS-SRC-048;ALS-SRC-054	2026-09-23	ROC AUC 0.780848; PR AUC 0.651592; no matched MN H3K27me3 for silencer model
ALS-S4-R002	4	REF and ALT TREDNet scores	diseases/ALS/04_modeling/results/ALS-S4-R002_ref_scores.tsv	complete	ALS-SRC-038;ALS-SRC-054	2026-09-23	1270/1278 variants scored; ALT table stored alongside
ALS-S4-R003	4	Predicted enhancer and causal regulatory variants	diseases/ALS/04_modeling/results/ALS-S4-R003_prioritized_variants.tsv	complete	ALS-SRC-054	2026-09-23	30 predicted enhancers; 4 causal using FPR5 + top-5% delta
ALS-S4-R004	4	GWAS-gene locus categories	diseases/ALS/04_modeling/results/ALS-S4-R004_locus_categories.tsv	complete	ALS-SRC-036;ALS-SRC-039	2026-09-23	2/29 loci with causal variant; 15/29 no regulatory variant
ALS-S4-R005	4	Population genetics of prioritized variants	diseases/ALS/04_modeling/results/ALS-S4-R005_population_genetics.tsv	complete	ALS-SRC-039;ALS-SRC-040	2026-09-23	4/4 common; 0 population-specific; 0/3 resolved DAF>0.5
ALS-S4-R006	4	Proximity and motor-neuron Hi-C target mapping	diseases/ALS/04_modeling/results/ALS-S4-R006_target_genes.tsv	complete	ALS-SRC-038;ALS-SRC-048	2026-09-23	2/4 variants have loop-supported targets
ALS-S4-R007	4	DeepFootprinting feature, motif, and TFBS results	diseases/ALS/04_modeling/results/ALS-S4-R007_TF_rankings.tsv	complete	ALS-SRC-055;ALS-SRC-056;ALS-SRC-057	2026-09-23	1000 positives; 7 significant TF matches; 1/4 causal variants disrupts TFBS
ALS-S4-R008	4	Experimental-profile audit	diseases/ALS/04_modeling/results/ALS-S4-R008_experimental_audit.tsv	complete	ALS-SRC-051;ALS-SRC-052	2026-09-23	0/4 causal exact variants profiled; UNC13A functional variants missed by enhancer model
ALS-S4-R009	4	THE LIST of prioritized regulatory variants	diseases/ALS/04_modeling/results/ALS-S4-R009_THE_LIST.tsv	complete	ALS-SRC-038;ALS-SRC-039;ALS-SRC-040;ALS-SRC-048;ALS-SRC-054 through ALS-SRC-057	2026-09-23	Four ranked candidates with TFBS, population, and target annotations
ALS-S4-R010	4	Integrated Section 4 report	diseases/ALS/04_modeling/results/section_4_modeling.md	complete	ALS-SRC-038 through ALS-SRC-040;ALS-SRC-048;ALS-SRC-051;ALS-SRC-052;ALS-SRC-054 through ALS-SRC-057	2026-09-23	Framework questions answered; silencer limitation explicit
ALS-S5-R001	5	GTEx v10 exact QTL matches	diseases/ALS/05_computational_validation/results/ALS-S5-R001_GTEx_exact_QTL.tsv	complete	ALS-SRC-058	2026-09-25	102 pairs; exact hits for chr1 and chr9
ALS-S5-R002	5	NIAGADS exact xQTL matches	diseases/ALS/05_computational_validation/results/ALS-S5-R002_xQTL_Atlas_exact_QTL.tsv	complete	ALS-SRC-060	2026-09-25	27 records; exact hits for chr1 and chr9
ALS-S5-R003	5	Exact-match subset audit	diseases/ALS/05_computational_validation/results/ALS-S5-R003_exact_match_audit.tsv	complete	ALS-SRC-059;ALS-SRC-060;ALS-SRC-061	2026-09-25	Zero-hit scope explicitly bounded
ALS-S5-R004	5	BrainTF candidate overlaps	diseases/ALS/05_computational_validation/results/ALS-S5-R004_BrainTF_overlaps.tsv	complete	ALS-SRC-062	2026-09-25	chr1 overlaps CTCF peaks in 24 experiments
ALS-S5-R005	5	Open Targets ALS gene associations	diseases/ALS/05_computational_validation/results/ALS-S5-R005_OpenTargets_gene_associations.tsv	complete	ALS-SRC-063	2026-09-25	Candidate- and QTL-linked genes
ALS-S5-R006	5	Neale UKBB ALS heritability audit	diseases/ALS/05_computational_validation/results/ALS-S5-R006_Neale_UKBB_ALS_heritability.tsv	complete	ALS-SRC-064	2026-09-25	Two underpowered motor-neuron phenotypes
ALS-S5-R007	5	Integrated candidate validation matrix	diseases/ALS/05_computational_validation/results/ALS-S5-R007_candidate_evidence_matrix.tsv	complete	ALS-SRC-058 through ALS-SRC-072	2026-09-25	chr9 ranks first and chr1 second; neither shows strong shared-causal colocalization
ALS-S5-R008	5	Resource access audit	diseases/ALS/05_computational_validation/results/ALS-S5-R008_resource_access_audit.tsv	complete	ALS-SRC-058 through ALS-SRC-072	2026-09-25	Applicable public resources complete; unavailable, controlled, licensed, and non-applicable resources explicitly classified
ALS-S5-R009	5	Integrated Section 5 report	diseases/ALS/05_computational_validation/results/section_5_computational_validation.md	complete_public_scope	ALS-SRC-058 through ALS-SRC-072	2026-09-25	Public-data scope complete; controlled/private and licensed resources explicitly excluded
ALS-S5-R010	5	MetaBrain exact QTL associations	diseases/ALS/05_computational_validation/results/ALS-S5-R010_MetaBrain_exact_QTL.tsv	complete	ALS-SRC-065	2026-09-25	102 exact pairs for rs522444; 6 pass permutation-derived significance definition
ALS-S5-R011	5	MetaBrain candidate-by-dataset query audit	diseases/ALS/05_computational_validation/results/ALS-S5-R011_MetaBrain_query_audit.tsv	complete	ALS-SRC-065	2026-09-25	28 candidate-by-dataset rows; exact tested/not-found scope recorded
ALS-S5-R012	5	MetaBrain tissue summary	diseases/ALS/05_computational_validation/results/ALS-S5-R012_MetaBrain_summary.tsv	complete	ALS-SRC-065	2026-09-25	rs522444 exact in six groups; significant in cerebellum EUR and cortex EUR
ALS-S5-R013	5	Project MinE and MetaBrain colocalization sensitivity analysis	diseases/ALS/05_computational_validation/results/ALS-S5-R013_ProjectMinE_MetaBrain_coloc.tsv	complete	ALS-SRC-065;ALS-SRC-066	2026-09-25	Eight gene analyses; no strong shared-causal PP4
ALS-S5-R014	5	Official Project MinE MetaBrain SMR and HEIDI extraction	diseases/ALS/05_computational_validation/results/ALS-S5-R014_ProjectMinE_MetaBrain_SMR.tsv	complete	ALS-SRC-065;ALS-SRC-066	2026-09-25	C9orf72 SMR significant but HEIDI rejects homogeneity
ALS-S5-R015	5	QTLbase exact-rsID molecular-QTL records	diseases/ALS/05_computational_validation/results/ALS-S5-R015_QTLbase_exact_QTL.tsv	complete	ALS-SRC-067;ALS-SRC-068	2026-09-25	208 records; includes two public PsychENCODE eQTLs and one spinal-cord pQTL
ALS-S5-R016	5	QTLbase candidate and QTL-type summary	diseases/ALS/05_computational_validation/results/ALS-S5-R016_QTLbase_summary.tsv	complete	ALS-SRC-067	2026-09-25	126 rs522444 and 82 rs11410615 associations
ALS-S5-R017	5	QTLbase count audit	diseases/ALS/05_computational_validation/results/ALS-S5-R017_QTLbase_query_audit.tsv	complete	ALS-SRC-067	2026-09-25	API expected and returned counts match exactly
ALS-S6-R001	6	Experimental candidate shortlist	diseases/ALS/06_experimental_validation/results/ALS-S6-R001_candidate_experimental_shortlist.tsv	complete_design	ALS-SRC-054;ALS-SRC-058 through ALS-SRC-068	2026-09-25	Four candidates in validation order with cell context, targets, assays, rationale, and caveats
ALS-S6-R002	6	TF validation strategy	diseases/ALS/06_experimental_validation/results/ALS-S6-R002_TF_validation_strategy.tsv	complete_design	ALS-SRC-055 through ALS-SRC-057;ALS-SRC-062	2026-09-25	SP2 and PATZ1 prioritized as complements to direct rs522444 testing; TF tests do not replace allele tests
ALS-S6-R003	6	Allelic MPRA construct sequences	diseases/ALS/06_experimental_validation/results/ALS-S6-R003_MPRA_constructs.tsv	complete_design	ALS-SRC-038;ALS-SRC-054	2026-09-25	16 GRCh38 inserts: four variants, both alleles, both orientations, 100-bp flanks
ALS-S6-R004	6	Collaborator experimental handoff	diseases/ALS/06_experimental_validation/results/ALS-S6-R004_collaborator_handoff.tsv	complete_design	ALS-SRC-054;ALS-SRC-062	2026-09-25	Eight staged work packages with controls, readouts, success criteria, and capabilities
ALS-S6-R005	6	Integrated Section 6 report	diseases/ALS/06_experimental_validation/results/section_6_experimental_validation.md	complete_design	ALS-SRC-038;ALS-SRC-054 through ALS-SRC-068	2026-09-25	Design and handoff complete; wet-lab execution explicitly pending
