source_id	section	citation	identifier_or_url	accessed_on	source_type	verification_status	notes
ALS-SRC-001	1	Liu RY et al. Global epidemiology of amyotrophic lateral sclerosis: a systematic review and meta-analysis. JNNP. 2026.	https://doi.org/10.1136/jnnp-2026-338675	2026-09-16	meta-analysis	verified	142 studies; search through 2025-02-18
ALS-SRC-002	1	Marin B et al. Variation in worldwide incidence of amyotrophic lateral sclerosis: a meta-analysis. Int J Epidemiol. 2017.	https://doi.org/10.1093/ije/dyw061	2026-09-16	meta-analysis	verified	Population-based incidence
ALS-SRC-003	1	Mehta P et al. Prevalence of Amyotrophic Lateral Sclerosis, United States, 2015. MMWR. 2018.	https://www.cdc.gov/als/media/pdfs/2024/05/Prevalence-2015.pdf	2026-09-16	government surveillance	verified	National ALS Registry
ALS-SRC-004	1	Al-Chalabi A et al. An estimate of ALS heritability using twin data. JNNP. 2010.	https://pmc.ncbi.nlm.nih.gov/articles/PMC2988617/	2026-09-16	twin study	verified	171 twin pairs
ALS-SRC-005	1	Ryan M et al. Lifetime Risk and Heritability of ALS. JAMA Neurol. 2019.	https://doi.org/10.1001/jamaneurol.2019.2044	2026-09-16	population family study	verified	Prospective parent-offspring study
ALS-SRC-006	1	Fogh I et al. Genome-wide analysis of the heritability of ALS. JAMA Neurol. 2014.	https://pmc.ncbi.nlm.nih.gov/articles/PMC4566960/	2026-09-16	SNP-heritability study	verified	European-ancestry cohorts
ALS-SRC-007	1	van Rheenen W et al. Genome-wide association analyses identify new risk variants and the genetic architecture of ALS. Nat Genet. 2016.	https://doi.org/10.1038/ng.3622	2026-09-16	GWAS	verified	SNP heritability and risk architecture
ALS-SRC-008	1	Mejzini R et al. The genetics of amyotrophic lateral sclerosis. 2024.	https://pubmed.ncbi.nlm.nih.gov/38967083/	2026-09-16	review	verified	Genes and pathways
ALS-SRC-009	1	Siddique N, Siddique T. Amyotrophic Lateral Sclerosis Overview. GeneReviews.	https://www.ncbi.nlm.nih.gov/books/NBK1450/	2026-09-16	expert reference	verified	Clinical genetics, diagnosis, management
ALS-SRC-010	1	Vahsen BF et al. Non-neuronal cells in ALS: from pathogenesis to biomarkers. Nat Rev Neurol. 2021.	https://doi.org/10.1038/s41582-021-00487-8	2026-09-16	review	verified	Glial and immune evidence
ALS-SRC-011	1	Shefner JM et al. A proposal for new diagnostic criteria for ALS. Clin Neurophysiol. 2020.	https://doi.org/10.1016/j.clinph.2020.04.005	2026-09-16	consensus criteria	verified	Gold Coast criteria
ALS-SRC-012	1	Roggenbuck J et al. Evidence-based consensus guidelines for ALS genetic testing and counseling. 2023.	https://doi.org/10.1002/acn3.51895	2026-09-16	consensus guideline	verified	Universal offer of testing
ALS-SRC-013	1	Lehky T et al. Juvenile Amyotrophic Lateral Sclerosis: A Review. Genes. 2021.	https://pmc.ncbi.nlm.nih.gov/articles/PMC8701111/	2026-09-16	review	verified	Onset before age 25
ALS-SRC-014	1	Roche JC et al. A proposed staging system for ALS. Brain. 2012.	https://pmc.ncbi.nlm.nih.gov/articles/PMC3286327/	2026-09-16	staging study	verified	King's milestones
ALS-SRC-015	1	Chiò A et al. Development and evaluation of a clinical staging system for ALS. JNNP. 2015.	https://pubmed.ncbi.nlm.nih.gov/24336810/	2026-09-16	staging study	verified	MiToS stages
ALS-SRC-016	1	Van Damme P et al. EAN guideline on management of ALS. Eur J Neurol. 2024.	https://doi.org/10.1111/ene.16264	2026-09-16	clinical guideline	verified	Treatment and multidisciplinary care
ALS-SRC-017	1	FDA. Rilutek prescribing information. Revised September 2025.	https://www.accessdata.fda.gov/drugsatfda_docs/label/2025/020599s021lbl.pdf	2026-09-16	regulatory label	verified	Current US label
ALS-SRC-018	1	FDA. Radicava and Radicava ORS prescribing information.	https://www.accessdata.fda.gov/drugsatfda_docs/label/2022/215446s000lbl.pdf	2026-09-16	regulatory label	verified	ALS mechanism stated unknown
ALS-SRC-019	1	FDA. FDA approves treatment of ALS associated with an SOD1 mutation. 2023.	https://www.fda.gov/drugs/news-events-human-drugs/fda-approves-treatment-amyotrophic-lateral-sclerosis-associated-mutation-sod1-gene	2026-09-16	regulatory decision	verified	Tofersen accelerated approval
ALS-SRC-020	1	Miller TM et al. Trial of Tofersen for SOD1 ALS. N Engl J Med. 2022.	https://doi.org/10.1056/NEJMoa2204705	2026-09-16	randomized trial	verified	VALOR and extension
ALS-SRC-021	1	Amylyx. Formal intention to remove Relyvrio/Albrioza from market. 2024.	https://investors.amylyx.com/news-releases/news-release-details/amylyx-pharmaceuticals-announces-formal-intention-remove	2026-09-16	company regulatory announcement	verified	Withdrawal after PHOENIX failure
ALS-SRC-022	1	ALS Association. Therapies Targeting ALS-Linked Genetic Mutations. Updated January 2026.	https://www.als.org/research/als-research-topics/genetics/therapies-targeting-als-linked-genetic	2026-09-16	trial landscape	verified	Status requires recheck before later use
ALS-SRC-023	1	ENCODE. ENCBS687JVT: human ALS donor iPSC-derived motor neurons.	https://www.encodeproject.org/biosamples/ENCBS687JVT/	2026-09-16	database record	verified	Released ENCODE4 biosample
ALS-SRC-024	1	ENCODE. ENCBS995OME: human spinal-cord astrocyte primary cells.	https://www.encodeproject.org/biosamples/ENCBS995OME/	2026-09-16	database record	verified	Released ENCODE2 biosample
ALS-SRC-025	1	Roadmap Epigenomics Consortium et al. Integrative analysis of 111 reference human epigenomes. Nature. 2015.	https://doi.org/10.1038/nature14248	2026-09-16	consortium resource	verified	127 integrated epigenomes
ALS-SRC-026	1	Strong MJ et al. ALS-frontotemporal spectrum disorder: revised diagnostic criteria. 2017.	https://pmc.ncbi.nlm.nih.gov/articles/PMC7409990/	2026-09-16	consensus criteria	verified	ALS-FTSD
ALS-SRC-027	1	Tsai CP et al. Finding diseases associated with ALS: population case-control study. 2019.	https://pubmed.ncbi.nlm.nih.gov/30422689/	2026-09-16	case-control study	verified	705 cases and 14100 controls
ALS-SRC-028	1	Brown CA et al. Global Prevalence and Incidence of ALS: A Systematic Review. Neurology. 2023.	https://doi.org/10.1212/WNL.0000000000207474	2026-09-16	systematic review	verified	140 studies and data gaps
ALS-SRC-029	1	Huang D, Ovcharenko I. Silencer variants are key drivers of gene up-regulation in Alzheimer's disease. Sci Adv. 2026.	https://doi.org/10.1126/sciadv.adz3323	2026-09-16	methodological reference	verified	Supplied paper; not ALS evidence
ALS-SRC-030	1	ENCODE. ENCSR707MKB: WGBS on human ALS iPSC-derived motor neurons.	https://www.encodeproject.org/experiments/ENCSR707MKB/	2026-09-16	database record	verified	Released disease-relevant assay
ALS-SRC-031	1	de Carvalho M et al. Diagnosis and differential diagnosis of MND/ALS. 2023.	https://pmc.ncbi.nlm.nih.gov/articles/PMC10796809/	2026-09-16	handbook chapter	verified	Clinical and electrophysiologic diagnosis
ALS-SRC-032	1	European Medicines Agency. Qalsody EPAR.	https://www.ema.europa.eu/en/medicines/human/EPAR/qalsody	2026-09-16	regulatory decision	verified	EU exceptional-circumstances authorization
ALS-SRC-033	1	Open Targets Platform. ALS target-disease associations, EFO_0005140.	https://platform.opentargets.org/disease/EFO_0005140/associations	2026-09-16	database record	verified	Not a validated comorbidity registry
ALS-SRC-034	1	ALS Association. Criteria for the Diagnosis of ALS.	https://www.als.org/navigating-als/resources/fyi-criteria-diagnosis-als	2026-09-16	clinical reference	verified	Diagnostic workup summary
ALS-SRC-035	1	NICE. Motor neurone disease: assessment and management, NG42.	https://www.nice.org.uk/guidance/ng42/chapter/Recommendations	2026-09-16	clinical guideline	verified	Supportive care
ALS-SRC-036	2	NHGRI-EBI GWAS Catalog, full associations/studies/ancestries downloads, release 2026-09-15.	https://ftp.ebi.ac.uk/pub/databases/gwas/releases/latest/	2026-09-21	database release	verified	Local copy in data/gwas_catalog/
ALS-SRC-037	2	Experimental Factor Ontology (EFO), latest release.	https://github.com/EBISPOT/efo/releases/latest	2026-09-21	ontology	verified	Local copy in data/efo/; ALS = MONDO_0004976 + descendants
ALS-SRC-038	2	GENCODE human release 50 (GRCh38), comprehensive gene annotation.	https://ftp.ebi.ac.uk/pub/databases/gencode/Gencode_human/release_50/	2026-09-21	annotation release	verified	Local copy in data/gencode/
ALS-SRC-039	2	1000 Genomes phase 3 GRCh38 phased biallelic SNV+indel call set, release 20190312.	https://ftp.1000genomes.ebi.ac.uk/vol1/ftp/data_collections/1000_genomes_project/release/20190312_biallelic_SNV_and_INDEL/	2026-09-21	reference panel	verified	Local copy in data/1000genomes/; EUR n=503, EAS n=504
ALS-SRC-040	2	Ensembl release 116, variation REST API and VEP cache (GRCh38).	https://rest.ensembl.org	2026-09-21	database release	verified	Variant classes cached in 02_gwas/data/variant_classes_ensembl.tsv
ALS-SRC-041	2	UCSC hg38 100-way conservation tracks (phastCons100way, phyloP100way).	https://hgdownload.soe.ucsc.edu/goldenPath/hg38/	2026-09-21	genomic track	verified	Local copy in data/conservation/
ALS-SRC-042	3	ENCODE SCREEN registry of candidate cis-regulatory elements, V3 (GRCh38).	https://downloads.wenglab.org/V3/GRCh38-cCREs.bed	2026-09-21	database release	verified	Local copy data/screen_ccres/
ALS-SRC-043	3	Roadmap Epigenomics consolidated narrowPeaks (H3K27ac, H3K27me3, DNase), all epigenomes.	https://egg2.wustl.edu/roadmap/data/byFileType/peaks/consolidated/narrowPeak/	2026-09-21	database release	verified	hg19; lifted to hg38; local copy data/roadmap_peaks/
ALS-SRC-044	3	Ensembl Regulatory Build and motif features, release 116 (GRCh38).	https://ftp.ensembl.org/pub/release-116/regulation/homo_sapiens/GRCh38/annotation/	2026-09-21	database release	verified	Local copy data/ensembl_regulation/
ALS-SRC-045	3	FANTOM5 CAGE enhancer atlas, hg38 reprocessed.	https://fantom.gsc.riken.jp/5/datafiles/reprocessed/hg38_latest/extra/enhancer/	2026-09-21	database release	verified	Local copy data/fantom5/
ALS-SRC-046	3	UCSC hg38 RepeatMasker track (rmsk).	https://hgdownload.soe.ucsc.edu/goldenPath/hg38/database/rmsk.txt.gz	2026-09-21	genomic track	verified	Local copy data/repeats/
ALS-SRC-047	3	ENCODE hg38 blacklist v2 (Boyle lab).	https://github.com/Boyle-Lab/Blacklist	2026-09-21	genomic track	verified	Local copy data/blacklist/
ALS-SRC-048	3	ENCODE experiments on iPSC-derived motor neurons from ALS donors (53 released: H3K27ac/H3K4me1/H3K4me3, ATAC, RNA-seq, Hi-C, WGBS).	https://www.encodeproject.org/search/?searchTerm=amyotrophic+lateral+sclerosis&type=Experiment	2026-09-21	database records	verified	Catalog + peak manifest in 03_regulatory_landscape/data/
ALS-SRC-049	3	Klim JR et al. ALS-implicated protein TDP-43 sustains levels of STMN2, a mediator of motor neuron growth and repair. Nat Neurosci. 2019.	PMID:30643292	2026-09-21	primary research	verified	STMN2 loss under TDP-43 dysfunction
ALS-SRC-050	3	Melamed Z et al. Premature polyadenylation-mediated loss of stathmin-2 is a hallmark of TDP-43-dependent neurodegeneration. Nat Neurosci. 2019.	PMID:30643298	2026-09-21	primary research	verified	Truncated STMN2 isoform
ALS-SRC-051	3	Ma XR et al. TDP-43 represses cryptic exon inclusion in the FTD-ALS gene UNC13A. Nature. 2022.	PMID:35197626	2026-09-21	primary research	verified	UNC13A cryptic exon
ALS-SRC-052	3	Brown AL et al. TDP-43 loss and ALS-risk SNPs drive mis-splicing and depletion of UNC13A. Nature. 2022.	PMID:35197628	2026-09-21	primary research	verified	Risk alleles rs12608932/rs12973192 increase cryptic splicing
ALS-SRC-053	3	Jackson JL et al. Elevated methylation levels, reduced expression levels, and frequent contractions in a clinical cohort of C9orf72 expansion carriers. Mol Neurodegener. 2020.	PMID:32000838	2026-09-21	primary research	verified	C9orf72 reduced expression in carriers
ALS-SRC-054	4	Wesolowska-Andersen A et al. Modeling islet enhancers using deep learning identifies candidate causal variants at loci associated with T2D and glycemic traits. Nat Genet. 2023.	https://pubmed.ncbi.nlm.nih.gov/37603758/	2026-09-23	primary research	verified	TREDNet architecture and allelic enhancer-score differences
ALS-SRC-055	4	Shrikumar A et al. Technical Note on Transcription Factor Motif Discovery from Importance Scores (TF-MoDISco). 2018.	https://arxiv.org/abs/1811.00416	2026-09-23	methodological reference	verified	Attribution-based motif discovery
ALS-SRC-056	4	Rauluseviciute I et al. JASPAR 2024: 20th anniversary of the open-access database of transcription factor binding profiles. Nucleic Acids Res. 2024.	https://doi.org/10.1093/nar/gkad1059	2026-09-23	database release	verified	JASPAR2024 motif matching reference
ALS-SRC-057	4	Schreiber J. tfmodisco-lite: a lite implementation of TF-MoDISco.	https://github.com/jmschrei/tfmodisco-lite	2026-09-23	software	verified	Local DeepFootprinting motif-discovery implementation
ALS-SRC-058	5	GTEx Analysis v10 single-tissue cis-eQTL significant pairs.	https://storage.googleapis.com/adult-gtex/bulk-qtl/v10/single-tissue-cis-qtl/	2026-09-25	database release	verified	Local tar in data/gtex/; all 50 tissue parquets queried.
ALS-SRC-059	5	SingleBrain v2 single-nucleus eQTL meta-analysis summary statistics.	https://zenodo.org/records/14908182	2026-09-25	database release	verified	All 36 top-association files queried; full release not mirrored.
ALS-SRC-060	5	NIAGADS aging-brain xQTL Atlas v1.0.	https://xqtl.niagads.org/download	2026-09-25	database release	verified	Official exact-variant endpoints queried; metadata local.
ALS-SRC-061	5	MPRAbase v4.9.3 curated MPRA database.	https://zenodo.org/records/10920747	2026-09-25	database release	verified	Local SQLite database; coordinate-indexed elements queried.
ALS-SRC-062	5	Loupe JM et al. Multiomic profiling of transcription factor binding and function in human brain. Nature Neuroscience. 2024.	https://doi.org/10.1038/s41593-024-01658-8	2026-09-25	primary research/database	verified	BrainTF narrowPeak files queried from the official portal.
ALS-SRC-063	5	Open Targets Platform bulk target-disease association release.	https://ftp.ebi.ac.uk/pub/databases/opentargets/platform/latest/output/	2026-09-25	database release	verified	Local association, disease, and target parquet tables queried.
ALS-SRC-064	5	Neale Lab UK Biobank Round 2 LDSC SNP-heritability results.	https://nealelab.github.io/UKBB_ldsc/downloads.html	2026-09-25	database release	verified	Topline local table; motor-neuron-disease phenotypes extracted.
ALS-SRC-065	5	de Klein N et al. Brain expression quantitative trait locus and network analysis reveals downstream effects and putative drivers for brain-related diseases. Nature Genetics. 2023.	https://doi.org/10.1038/s41588-023-01300-6	2026-09-25	database release/primary research	verified	Complete MetaBrain 2021-07-23 cis-eQTL release local; 315/315 official files passed MD5. Publication supplement local. Redistribution prohibited.
ALS-SRC-066	5	van Rheenen W et al. Common and rare variant association analyses in amyotrophic lateral sclerosis identify 15 risk loci with distinct genetic architectures and neuron-specific biology. Nature Genetics. 2021.	https://doi.org/10.1038/s41588-021-00973-1	2026-09-25	primary research/data release	verified	Official Project MinE European and cross-ancestry GWAS, rare-burden, and SMR archive downloaded from https://projectmine.com/research/; official MD5s matched.
ALS-SRC-067	5	QTLbase2: an integrative resource for quantitative trait loci across multiple human molecular phenotypes. Nucleic Acids Research. 2023.	https://academic.oup.com/nar/article/51/D1/D1122/6795887	2026-09-25	database release	verified	Official API queried by exact rsID; returned counts reproduced exactly.
ALS-SRC-068	5	Wang D et al. Comprehensive functional genomic resource and integrative model for the human brain. Science. 2018.	PMID:30545857	2026-09-25	primary research/database	verified	Public PsychENCODE Phase I processed eQTLs queried through QTLbase dataset 475.
ALS-SRC-069	5	ProteomeVariation human proteome genetics portal.	http://proteomevariation.org/	2026-09-25	database portal	verified	Public significant-pQTL inventory parsed: 1,216 proteins and 1,947 protein-rsID entries.
ALS-SRC-070	5	MAtCH meta-analysis of twin correlations and heritability database.	https://match.ctglab.nl/#/home	2026-09-25	database portal	verified	Official search endpoint indexes two ALS twin-study records; no variant-level output.
ALS-SRC-071	5	xQTL Serve legacy molecular-QTL browser.	http://mostafavilab.stat.ubc.ca/xQTLServe	2026-09-25	database portal	verified_unavailable	Legacy landing page archived; source and archived result files unavailable. NIAGADS xQTL Atlas used as current public replacement.
ALS-SRC-072	5	HuGE Calculator, Common Metabolic Diseases Knowledge Portal.	https://hugeamp.org/hugecalculator.html	2026-09-25	database portal	verified_not_applicable	Current gene-by-phenotype calculator is not an ALS exact-variant validation resource.
